id,conversation_id,sender_id,text,image_url,timestamp,is_read
msg_001,conv_001,user_001,"Hola, esta disponible el iPhone?",,2026-08-03 18:03:26,1
msg_002,conv_001,user_002,"Si, esta disponible.",,2026-08-03 18:18:26,1
msg_003,conv_001,user_001,Cual es el precio final?,,2026-08-03 18:33:26,1
msg_004,conv_001,user_002,"Si, esta disponible. Te lo puedo enviar manana.",,2026-08-03 18:48:26,0
msg_005,conv_002,user_001,"Recibi los zapatos, gracias!",,2026-08-03 16:03:26,1
msg_006,conv_002,user_003,Gracias por la compra!,,2026-08-03 17:03:26,1
msg_007,conv_003,user_001,"Buenas tardes, me interesa el MacBook.",,2026-08-02 20:03:26,1
msg_008,conv_003,user_004,Hola! Si esta disponible.,,2026-08-02 19:03:26,1
msg_009,conv_003,user_001,Tiene algun descuento?,,2026-08-02 20:03:26,0
